{
    "delta_x": 0.001551,
    "ok": true,
    "resultado_integral": 1.9999986306975857
}