{
    "delta_x": 0.000494,
    "resultado_integral": 1.463178702479771
}