{"zoom": 11.91817653772723, "pan_x": -12.750088212392132, "pan_y": -16.266706716769562}