{"zoom": 19.19434249577509, "pan_x": -14.546087560812161, "pan_y": -25.82118627065166}