{"zoom": 19.19434249577509, "pan_x": 17.817750208181305, "pan_y": -56.787566452975334}