{"zoom": 8.140274938683989, "pan_x": -8.844910097304403, "pan_y": -66.58251767693038}